contract_address,collection_name,sources
0x00b2693f5d40720637ae66e58627878ba2baf681,Michy The Cat,MINTGO_RADAR|NFT_TRENCHER
0x0312f67d373af6eff2d9c31279460291a4c81fdf,Tenurevault,MINTGO_RADAR
0x057b0d215eb38762c6eaca43300be0155c8446c8,adfas,MINTGO_RADAR|NFT_TRENCHER
0x05f82f4f21420dd149621ba33e3fdcdfe5632f9a,GetWeeDhood,MINTGO_RADAR|NFT_TRENCHER
0x07299d4e3db1259f18c7668096a574e62f64846e,Tales of Blobs,MINTGO_RADAR|NFT_TRENCHER
0x090e368210cd4237ac3ca6a4aa0852f278aa5312,Hood Bean,MINTGO_RADAR|NFT_TRENCHER
0x0a673b8dfc6a6526b12274d4abc8d813b9d21fb1,RYB,MINTGO_RADAR|NFT_TRENCHER
0x0b400b9b1a886efd4f36b0d842c03105d0f1efaa,do2sa,MINTGO_RADAR|NFT_TRENCHER
0x14ae01dd5edc798752a5db432bf48c619788bc6e,RELAX BRO,MINTGO_RADAR|NFT_TRENCHER
0x155503f930c66d03f40875cd3179294355ceb332,NEON SPORE,MINTGO_RADAR|NFT_TRENCHER
0x17907b28e12961bbede154ad59c415bd96b59d1a,Mad Dogz,MINTGO_RADAR|NFT_TRENCHER
0x183fefe4fe81b58806919681a25ac20e24f2cb62,9942 Dead pepe,MINTGO_RADAR|NFT_TRENCHER
0x185a27b22a35421708d0436cc38c9fd334744607,DEKERKA,MINTGO_RADAR|NFT_TRENCHER
0x1ae61ddf9ba33a0c6dd080aaced0f85747f44af6,Revenants,MINTGO_RADAR|NFT_TRENCHER
0x1cea1f1be0c368587aaa2435a7eb38c0444d4467,GODHOOD,MINTGO_RADAR|NFT_TRENCHER
0x1f27449ae8dfd4dbdba211f2ab9c1dbec593611a,Piped Hood,MINTGO_RADAR|NFT_TRENCHER
0x1fbf83a2ca98ce966890444b0385246359e44696,Black Frogs,MINTGO_RADAR|NFT_TRENCHER
0x203aa811427452172233d68464379f66c2097ebf,Hoodwinked,MINTGO_RADAR|NFT_TRENCHER
0x207d22fa76c16dfe88dd31b3a977c9df8a2f60b7,Rabbit Hood Society,MINTGO_RADAR|NFT_TRENCHER
0x25360edfad5694bdfa231e6abb93adebadad2320,Hood Cattos,MINTGO_RADAR|NFT_TRENCHER
0x27c116859f82b8077814e23fb6130178c5ffea4b,T-1,MINTGO_RADAR|NFT_TRENCHER
0x2c3a96836b826768e2324e2c35888c1072e9d6c6,Luxury Punk,MINTGO_RADAR|NFT_TRENCHER
0x2c99a6ac1d582e604b75a9c67838ba0e0efe4470,Droopy MuG,MINTGO_RADAR|NFT_TRENCHER
0x2e95eb728a330dfeb37bf3cdb31771b8d525fb77,Wolves of Wallstreet,MINTGO_RADAR|NFT_TRENCHER
0x315c62f3a56dc2f581cc09096a5b438f3171cacb,Internet Monkes,MINTGO_RADAR|NFT_TRENCHER
0x31b68bab31889b41cb3395472724ca8a55a8e20c,testitesta,MINTGO_RADAR
0x35dd98573ab6354a9073919f36cbe5d11ffcf7ea,Frogizens,MINTGO_RADAR|NFT_TRENCHER
0x362e548da3b0deb6379be90a4d0faa9bbacf92bc,Kairo Clan,MINTGO_RADAR|NFT_TRENCHER
0x3642ab36904c56eb65f1c4b277ef57b2d05423af,nanbest,MINTGO_RADAR|NFT_TRENCHER
0x38754b21ce773096cc3d56fe96e09117e8f01377,hoodborn,MINTGO_RADAR|NFT_TRENCHER
0x3a26b9f2fd839165abcf2c35f6330d4e439c2b8b,Pex-A1,MINTGO_RADAR|NFT_TRENCHER
0x3b956fb431c814580525fa4c16a1848f8110ee96,Finch Crew,MINTGO_RADAR|NFT_TRENCHER
0x3c4367e60f650246376f29d9db17cd0e3f0741cc,Hoodes,MINTGO_RADAR|NFT_TRENCHER
0x3c948beaae074dfd9fac298f60ce8ac0cbec2e81,StickRiot,MINTGO_RADAR|NFT_TRENCHER
0x3e47b18177330d031ea6fc81e4b0ca83fc5a85e3,Robinmilios,MINTGO_RADAR|NFT_TRENCHER
0x400e2d9fedc99f6fa24c7624c1d67513c16b3d4d,0x400e2d9fedc99f6fa24c7624c1d67513c16b3d4d,MINTGO_RADAR
0x409eab4fa20b5b61d35d2b447b14f384e8ac90e5,Builder Bots AI,MINTGO_RADAR|NFT_TRENCHER
0x444444447657f90a85c99c00c0780e4e1c40c897,McBrokers,NFT_TRENCHER
0x44a49a426a93131eca866d03d6f7fcd1cd784222,Robinhood Spookers,MINTGO_RADAR|NFT_TRENCHER
0x46bc76303cdee97ea01d5a61f4ca80b5a85d3397,DEAD SHADE,MINTGO_RADAR|NFT_TRENCHER
0x4bf79689054825c48a0d71419914919f7a009385,Just Banners,MINTGO_RADAR|NFT_TRENCHER
0x4c81ce5cc9fc131887fee79b10c4a1d48ba3cb78,ROBINMAP,MINTGO_RADAR|NFT_TRENCHER
0x4d583691cdd68da7bd0d7a26de2831d9a8a9c915,The Hollow,MINTGO_RADAR|NFT_TRENCHER
0x4dababe24c559e2bca6290c05b5f2abd58cf2485,NEO PUNK RH,MINTGO_RADAR|NFT_TRENCHER
0x4f651be19579aea84761108d976cfe2577113683,AI,MINTGO_RADAR|NFT_TRENCHER
0x54abdf55319f06196458b2581063bffef5684e2a,Satoshi Bots,MINTGO_RADAR|NFT_TRENCHER
0x555b884c8ee6b5e70b5245a83560d62137703df8,Numographs hoods,MINTGO_RADAR|NFT_TRENCHER
0x5a98fb821fab43c17992f77daa2864014682b106,ROLYMPIANS,MINTGO_RADAR|NFT_TRENCHER
0x5e9beb15c7da2ebed6f6702dd437798f14734886,Cat,MINTGO_RADAR|NFT_TRENCHER
0x63808d490dde112efe226ce839675f3695f7cad6,crafthood,MINTGO_RADAR|NFT_TRENCHER
0x63bc1caf80c0d997eea95aefdb548d6cdcd2ab83,MixinPixel,MINTGO_RADAR|NFT_TRENCHER
0x67186ecb7c7fe5ad786cc940482a2d1f89bb9de4,Sherwood Outlaws,MINTGO_RADAR|NFT_TRENCHER
0x6a2754bb4cef3ff673643f81f2144f08d3b7dbfa,Redflags,MINTGO_RADAR|NFT_TRENCHER
0x6b07f910cddad49968ced8893418b85d32c4b264,gmgm,MINTGO_RADAR|NFT_TRENCHER
0x6beaf68ea622e803b91b03572569b57eef1df647,PUNKBLOCK,NFT_TRENCHER
0x6d88ad88c42cda108f3bf1ec181ee2040b9c97b3,Trobi CULT,MINTGO_RADAR|NFT_TRENCHER
0x7650dd52f7b90f6c8190429019e037d3055e5096,robinhood bot test do not mint,MINTGO_RADAR
0x786cbf7a12eca16fb571362dfed94e5b9e334df4,memse,MINTGO_RADAR|NFT_TRENCHER
0x78df13c654b3b3a1d3208f5b47f00b4c4c729532,robinhood nouns,MINTGO_RADAR|NFT_TRENCHER
0x794d0d16dcaeea62f5ba14c22eed76a277ea503f,RH Bullies,MINTGO_RADAR|NFT_TRENCHER
0x797a0889718c30060fc797659328590e86041fbd,Robin Club,NFT_TRENCHER
0x798117dfc8c94ddd3634fae10f9ffc7ffd7ec2b1,RYUGAMI,MINTGO_RADAR|NFT_TRENCHER
0x7a5f95f898cf968cac3f9d6231f03f36c3da5b0d,Wall Street Traders,MINTGO_RADAR|NFT_TRENCHER
0x80ccc66907cb79132edea81f78d56bf80b029ed7,OUTLAWZ,MINTGO_RADAR|NFT_TRENCHER
0x80d9211cc385fe7ff3c02ca98bff456119476008,Hood Degen,MINTGO_RADAR|NFT_TRENCHER
0x821f80c8572b5b7f7011a2b5299a4f38c4d0e6a5,SkellyKuntz,MINTGO_RADAR|NFT_TRENCHER
0x83e683a0899e8070a58c16b4402bf134e7045484,Hoodbits Pack,MINTGO_RADAR|NFT_TRENCHER
0x846326aaaee3d13e2378912c95870e134fe86ad0,Project NINJANEX,MINTGO_RADAR|NFT_TRENCHER
0x84bdc23e05ad981bc828a9f27f52ad7dd9b9d37a,Hoodmons,MINTGO_RADAR|NFT_TRENCHER
0x8540efd841740413fe7ff0e5d652fc6272e32b28,Urchin Frens,MINTGO_RADAR|NFT_TRENCHER
0x864e226947c4e39ab5fc655f33143b867c08cad5,TS11 Test,MINTGO_RADAR
0x8aa64d6d068681d3f7b1b502450a44a48ca8ec5c,HoodChibi,MINTGO_RADAR|NFT_TRENCHER
0x8dc1a38b8f62934f119e4bcffc618cc63753bf47,plods,MINTGO_RADAR|NFT_TRENCHER
0x912a0354ae7e46ebcf0ab2cb9d4b264c6f561507,jarvis,MINTGO_RADAR|NFT_TRENCHER
0x9302243bc2f3642cba8c59c2cc7f876bf9d83915,Bruh Bears,MINTGO_RADAR|NFT_TRENCHER
0x931729527dafbe7cacdcf690b09f02a02b383286,I Love My Life,MINTGO_RADAR|NFT_TRENCHER
0x95d355c5029792f154a074de067d3ac7fb29aaa0,Cubble Bears,MINTGO_RADAR|NFT_TRENCHER
0x972255d76e8aa5c82caaddedb1f23e074a05be13,We,MINTGO_RADAR|NFT_TRENCHER
0x998c5c7caaa5df1aa2b453ee56f0a7352aaba42d,Shadow Hood,MINTGO_RADAR|NFT_TRENCHER
0x9b849aba8ab9e36fde6d5d6d4b34781acf3818ea,Robin meledy,MINTGO_RADAR|NFT_TRENCHER
0x9bbf88f202c990f2bbf79488283b3745af5cb660,GM,MINTGO_RADAR|NFT_TRENCHER
0x9cb58f85626a3e974ee5658e805fd43b24a66db9,Robinhood Labs,MINTGO_RADAR|NFT_TRENCHER
0x9d890b91bc54e6984825aa5e4e1e5a5b15e79419,HOODBRUTES,MINTGO_RADAR|NFT_TRENCHER
0x9daaab60ed86578599996029d270871f7377853e,Emmet,MINTGO_RADAR|NFT_TRENCHER
0xa2b07ad6283e04458e30fd3528f221dbe08252fd,ai,MINTGO_RADAR|NFT_TRENCHER
0xa39a55f1c6c188f910c3777d1f8866cfc6ea7076,Hood Blocky Dino,MINTGO_RADAR|NFT_TRENCHER
0xa3bc0f7847d837ec398b2bf47b5388486ad70587,Hoodles,MINTGO_RADAR|NFT_TRENCHER
0xa634d84ed8616c87f133e4c90aeac7c1fe719ec0,NASDOGS,MINTGO_RADAR|NFT_TRENCHER
0xa82e9641149ec593b3321ee79f78870ab86a9e7d,THE BROYS,MINTGO_RADAR|NFT_TRENCHER
0xa9cadbc8364cd1dd6c6c9f4172ab80d09b5c1ca3,Unusual Memories,MINTGO_RADAR|NFT_TRENCHER
0xab79bf0a84f69e6c85ae9b4bf605418b3d95c8ae,RH MACHINESX,MINTGO_RADAR|NFT_TRENCHER
0xaeed288b32fddf9c2988c226432ac1ecca282340,RUSHIKAI - Hidden Hooded Beings,MINTGO_RADAR|NFT_TRENCHER
0xb024004f27d8fd05019c19b8b308adbbb7e92758,Little Rogues,MINTGO_RADAR|NFT_TRENCHER
0xb051b7d79e786a2cff198a87936499e53bb0e239,Hypz Club,MINTGO_RADAR|NFT_TRENCHER
0xb053fd21024c2db87ff9981ddef40df83229cf62,Mutant Juuju,MINTGO_RADAR|NFT_TRENCHER
0xb583dee40ab35aee4ffd5009285a60d9602a6dfb,The Farmers,MINTGO_RADAR|NFT_TRENCHER
0xb5fefb4a8f1c21a8f4a3113358a95544b2d471aa,HoodBunnyz,MINTGO_RADAR|NFT_TRENCHER
0xb624563f1075b0fe3ed3614902782017ef7f36d3,test test,MINTGO_RADAR
0xb7a8fb42d07925c2e6edcdaec4fc2641a7e49da6,TTTTTT,MINTGO_RADAR|NFT_TRENCHER
0xb92dd5b293d2919d63af05cd18089366ce3e5034,VERY IMPORTANT TOILETS,MINTGO_RADAR|NFT_TRENCHER
0xb9e8fa518d2c90df68602c6a2fadbd926141ede1,The Speculator's Arcana,MINTGO_RADAR|NFT_TRENCHER
0xba059a50d8e30b349d2e3b8cc0e48fa2d1104fb5,RH whale tanks,MINTGO_RADAR|NFT_TRENCHER
0xba178bc6b5d12b560a8565acfe08759e9a7193dc,Prunus,MINTGO_RADAR|NFT_TRENCHER
0xbc25caa157b99e0a918a2beebce2e93e8f088683,StonkFrankiez,MINTGO_RADAR|NFT_TRENCHER
0xbd923cc44b8fa2ca904807a900c5a926fbb77c86,Katipunera Collection,MINTGO_RADAR|NFT_TRENCHER
0xbdf4fb9e8f1356685d4a9306ef06ee41fa09eafd,Lumina,MINTGO_RADAR|NFT_TRENCHER
0xc06e786d13ee31f5642f3e43e06286078d9fddb7,KITTYZENS,MINTGO_RADAR|NFT_TRENCHER
0xc0721c29cdb4c256741b7e50cd8731f578716c71,Nuigurumi,MINTGO_RADAR|NFT_TRENCHER
0xc0d38c8553270baf0df7fd947f386209ae4aa865,Oddkin,MINTGO_RADAR|NFT_TRENCHER
0xc1de1c4ac8c1aa87a578ab39f308fc83336d3d9a,Pixel Banana,MINTGO_RADAR|NFT_TRENCHER
0xc21159f412c294ca2c38f2a9ecaaccf9d93ec929,Goat Street,MINTGO_RADAR|NFT_TRENCHER
0xc25cc64d45e2c278b0aab211821a12fd40735dc1,RoboDaddy Brokers,MINTGO_RADAR|NFT_TRENCHER
0xc305ccaa25c3227e9949522c7de238ff38f6a2d8,The Bandits nfts,MINTGO_RADAR|NFT_TRENCHER
0xc4e44ff2ee19550ea75349f001160f29f9e2da88,dfsaxczcxzczxcx,MINTGO_RADAR|NFT_TRENCHER
0xc5d4caf5224f252bde80fbe12acbac6b12b34a3b,9 LIVES,NFT_TRENCHER
0xc5e03f01f2c2698be3d05ab15f3ebd7963728abf,Xrated,MINTGO_RADAR|NFT_TRENCHER
0xc60079d77bbfb225632999564673f4e334f8d9dd,Hoodwinked,MINTGO_RADAR|NFT_TRENCHER
0xc6a2e17c71af18b775d4802d53c764f34f93c92d,Cash Punks,MINTGO_RADAR|NFT_TRENCHER
0xd0975e560a30c313f9c51ba6127f90058bc47d70,ZKROTT,MINTGO_RADAR|NFT_TRENCHER
0xd46be8e2d7277c9178d32b18189a109e1b1029b3,test RH,MINTGO_RADAR
0xd756bc564536831c83c6a2a1fba7251bf8cb3b7f,Primal Heads,MINTGO_RADAR|NFT_TRENCHER
0xd85f17fca5063ccc250e2a5434a147b1061b2f88,Golden Flora,MINTGO_RADAR|NFT_TRENCHER
0xd88ebd0afcbfd124d536f9e8eece88909d90e0f4,FishySticks Mint Pass,MINTGO_RADAR|NFT_TRENCHER
0xd8b4c0952a19dc80cd97208ee1508e8e28e2edde,:portals:,MINTGO_RADAR|NFT_TRENCHER
0xda55a6924c9ca5ef17adec1c09c57cbaafaf6eea,THE MERCHANT,MINTGO_RADAR|NFT_TRENCHER
0xdb9807c56e11b912d1169d7b8bd5149cfab9a157,Chunky BH,MINTGO_RADAR
0xdc7f2b3482c0de507a55ed9d4e056b3beeb54ce6,Never Fucking Trade,MINTGO_RADAR
0xdde2f695a11bd1014febeb2abd2dc2e038aea952,jarvis,MINTGO_RADAR|NFT_TRENCHER
0xdfedacf29249b65e78b200ccab1fb75989f70a0f,just a test,MINTGO_RADAR
0xe3060e19241639c2c26f0713db6d05081413654d,ROBINH00D LEGENDS,MINTGO_RADAR|NFT_TRENCHER
0xe3abff8ddffa0b4f7a24f7a1f79ce232c9767c0b,Psycho Hoods Girls,MINTGO_RADAR|NFT_TRENCHER
0xe440596c537e60b0d79eca4942648ecdcb269951,Planet GemHunt,MINTGO_RADAR|NFT_TRENCHER
0xe4be34732875bb9a08b1a716a90cf0cf64377464,Somty,MINTGO_RADAR|NFT_TRENCHER
0xe638f58c87258ece6c0eddc46f70327663635c69,Suited Ape Society,MINTGO_RADAR|NFT_TRENCHER
0xe801b3399193ad1af4e0bbcad72a45c2ff819a8f,DUNLAPS,MINTGO_RADAR|NFT_TRENCHER
0xe92b1ba6f71e8a0774f80c14f5aa90552b63eb73,Robincats,MINTGO_RADAR|NFT_TRENCHER
0xea35558af012ab6e75f72b7ec946970982587af6,Space Brokers,MINTGO_RADAR|NFT_TRENCHER
0xea96888731e987d230817cdb8dda8c379a1fb724,RHT2,MINTGO_RADAR|NFT_TRENCHER
0xed245f3af22b88f967dea34a8a8aa41f2b228b96,Lily Pad Lounge,MINTGO_RADAR|NFT_TRENCHER
0xf09832b803369ab519e90de855e8d47904173c67,TCG Miners,MINTGO_RADAR|NFT_TRENCHER
0xf0b596c33f4eba39e9c512a768b61fd539a244b8,test11,MINTGO_RADAR
0xf21cce52c0306375bab331fca7eae7c95c92aa1c,Robin GRiBBiTS Nft,MINTGO_RADAR|NFT_TRENCHER
0xf2e9ad74ac89ae7aae32d37b7561c1535f2402eb,Milextasy,MINTGO_RADAR|NFT_TRENCHER
0xf3148f5314caa71baeeeb3c79457494413bb4843,Floaties Pool Chan,MINTGO_RADAR|NFT_TRENCHER
0xf35124c1116d7c7d1cc6ff74e4750c3902a270b5,HandiPika,MINTGO_RADAR
0xf37349ed8911a5a93ed1df487f36e024e1acbb22,Duppies: mint t00bs,MINTGO_RADAR|NFT_TRENCHER
0xf3fb9577688bf798c1d2bbfb06f3b0df45341786,BoxiPop,MINTGO_RADAR|NFT_TRENCHER
0xf45b345be94bd427cd05758fd7f919cfa00975ce,Chainchamps,MINTGO_RADAR|NFT_TRENCHER
0xf6cf37df998b2b3c3774e3b1cf74e05d99b802ca,dsffds,MINTGO_RADAR|NFT_TRENCHER
0xf7ee38a03c627a6ab091a95ed3c69a3122b226ef,Fortune Frens,MINTGO_RADAR|NFT_TRENCHER
0xfb3ed326f16d9ce29d49f53bbe2b024b09f2e75b,Hood Water,MINTGO_RADAR|NFT_TRENCHER
0xfcc36c4471e44131800329ffada3102ee352bcbe,QUOTRONSX,MINTGO_RADAR|NFT_TRENCHER
0xffd5c660bcb0469b427ef60d2cae88f79afb8f4c,Sherwood Bandits,MINTGO_RADAR|NFT_TRENCHER
